Workbook

Sheet Transactions
A1: Transaction_ID | B1: Items_Purchased | D1: item_count
A2: T001 | B2: Rice, Dal, Oil | D2: =IF(B2="","",LEN(B2)-LEN(SUBSTITUTE(B2,",",""))+1) -> 3
A3: T002 | B3: Rice, Salt | D3: =IF(B3="","",LEN(B3)-LEN(SUBSTITUTE(B3,",",""))+1) -> 2
A4: T003 | B4: Dal, Oil, Salt | D4: =IF(B4="","",LEN(B4)-LEN(SUBSTITUTE(B4,",",""))+1) -> 3
A5: T004 | B5: Rice, Dal | D5: =IF(B5="","",LEN(B5)-LEN(SUBSTITUTE(B5,",",""))+1) -> 2
A6: T005 | B6: Rice, Oil | D6: =IF(B6="","",LEN(B6)-LEN(SUBSTITUTE(B6,",",""))+1) -> 2
A7: T006 | B7: Salt, Soap | D7: =IF(B7="","",LEN(B7)-LEN(SUBSTITUTE(B7,",",""))+1) -> 2
A8: T007 | B8: Rice, Dal, Oil, Salt | D8: =IF(B8="","",LEN(B8)-LEN(SUBSTITUTE(B8,",",""))+1) -> 4 | G8: rice
A9: T008 | B9: Soap, Shampoo | D9: =IF(B9="","",LEN(B9)-LEN(SUBSTITUTE(B9,",",""))+1) -> 2 | G9: oil
A10: T009 | B10: Rice, Soap | D10: =IF(B10="","",LEN(B10)-LEN(SUBSTITUTE(B10,",",""))+1) -> 2 | G10: dal
A11: T010 | B11: Dal, Salt | D11: =IF(B11="","",LEN(B11)-LEN(SUBSTITUTE(B11,",",""))+1) -> 2 | G11: salt
A12: T011 | B12: Rice, Shampoo | D12: =IF(B12="","",LEN(B12)-LEN(SUBSTITUTE(B12,",",""))+1) -> 2 | G12: soap
A13: T012 | B13: Oil, Salt | D13: =IF(B13="","",LEN(B13)-LEN(SUBSTITUTE(B13,",",""))+1) -> 2 | G13: shampoo
A14: T013 | B14: Rice, Dal, Soap | D14: =IF(B14="","",LEN(B14)-LEN(SUBSTITUTE(B14,",",""))+1) -> 3
A15: T014 | B15: Shampoo, Soap | D15: =IF(B15="","",LEN(B15)-LEN(SUBSTITUTE(B15,",",""))+1) -> 2
A16: T015 | B16: Rice, Oil, Salt | D16: =IF(B16="","",LEN(B16)-LEN(SUBSTITUTE(B16,",",""))+1) -> 3

Sheet Binary_Matrix
A1: Transaction_ID | B1: Rice | C1: Dal | D1: Oil | E1: Salt | F1: Soap | G1: Shampoo
A2: T001 | B2: =--ISNUMBER(SEARCH(","&B$1&",",","&SUBSTITUTE(Transactions!$B2,", ",",")&",")) -> 1 | C2: =--ISNUMBER(SEARCH(","&C$1&",",","&SUBSTITUTE(Transactions!$B2,", ",",")&",")) -> 1 | D2: =--ISNUMBER(SEARCH(","&D$1&",",","&SUBSTITUTE(Transactions!$B2,", ",",")&",")) -> 1 | E2: =--ISNUMBER(SEARCH(","&E$1&",",","&SUBSTITUTE(Transactions!$B2,", ",",")&",")) -> 0 | F2: =--ISNUMBER(SEARCH(","&F$1&",",","&SUBSTITUTE(Transactions!$B2,", ",",")&",")) -> 0 | G2: =--ISNUMBER(SEARCH(","&G$1&",",","&SUBSTITUTE(Transactions!$B2,", ",",")&",")) -> 0
A3: T002 | B3: =--ISNUMBER(SEARCH(","&B$1&",",","&SUBSTITUTE(Transactions!$B3,", ",",")&",")) -> 1 | C3: =--ISNUMBER(SEARCH(","&C$1&",",","&SUBSTITUTE(Transactions!$B3,", ",",")&",")) -> 0 | D3: =--ISNUMBER(SEARCH(","&D$1&",",","&SUBSTITUTE(Transactions!$B3,", ",",")&",")) -> 0 | E3: =--ISNUMBER(SEARCH(","&E$1&",",","&SUBSTITUTE(Transactions!$B3,", ",",")&",")) -> 1 | F3: =--ISNUMBER(SEARCH(","&F$1&",",","&SUBSTITUTE(Transactions!$B3,", ",",")&",")) -> 0 | G3: =--ISNUMBER(SEARCH(","&G$1&",",","&SUBSTITUTE(Transactions!$B3,", ",",")&",")) -> 0
A4: T003 | B4: =--ISNUMBER(SEARCH(","&B$1&",",","&SUBSTITUTE(Transactions!$B4,", ",",")&",")) -> 0 | C4: =--ISNUMBER(SEARCH(","&C$1&",",","&SUBSTITUTE(Transactions!$B4,", ",",")&",")) -> 1 | D4: =--ISNUMBER(SEARCH(","&D$1&",",","&SUBSTITUTE(Transactions!$B4,", ",",")&",")) -> 1 | E4: =--ISNUMBER(SEARCH(","&E$1&",",","&SUBSTITUTE(Transactions!$B4,", ",",")&",")) -> 1 | F4: =--ISNUMBER(SEARCH(","&F$1&",",","&SUBSTITUTE(Transactions!$B4,", ",",")&",")) -> 0 | G4: =--ISNUMBER(SEARCH(","&G$1&",",","&SUBSTITUTE(Transactions!$B4,", ",",")&",")) -> 0
A5: T004 | B5: =--ISNUMBER(SEARCH(","&B$1&",",","&SUBSTITUTE(Transactions!$B5,", ",",")&",")) -> 1 | C5: =--ISNUMBER(SEARCH(","&C$1&",",","&SUBSTITUTE(Transactions!$B5,", ",",")&",")) -> 1 | D5: =--ISNUMBER(SEARCH(","&D$1&",",","&SUBSTITUTE(Transactions!$B5,", ",",")&",")) -> 0 | E5: =--ISNUMBER(SEARCH(","&E$1&",",","&SUBSTITUTE(Transactions!$B5,", ",",")&",")) -> 0 | F5: =--ISNUMBER(SEARCH(","&F$1&",",","&SUBSTITUTE(Transactions!$B5,", ",",")&",")) -> 0 | G5: =--ISNUMBER(SEARCH(","&G$1&",",","&SUBSTITUTE(Transactions!$B5,", ",",")&",")) -> 0
A6: T005 | B6: =--ISNUMBER(SEARCH(","&B$1&",",","&SUBSTITUTE(Transactions!$B6,", ",",")&",")) -> 1 | C6: =--ISNUMBER(SEARCH(","&C$1&",",","&SUBSTITUTE(Transactions!$B6,", ",",")&",")) -> 0 | D6: =--ISNUMBER(SEARCH(","&D$1&",",","&SUBSTITUTE(Transactions!$B6,", ",",")&",")) -> 1 | E6: =--ISNUMBER(SEARCH(","&E$1&",",","&SUBSTITUTE(Transactions!$B6,", ",",")&",")) -> 0 | F6: =--ISNUMBER(SEARCH(","&F$1&",",","&SUBSTITUTE(Transactions!$B6,", ",",")&",")) -> 0 | G6: =--ISNUMBER(SEARCH(","&G$1&",",","&SUBSTITUTE(Transactions!$B6,", ",",")&",")) -> 0
A7: T006 | B7: =--ISNUMBER(SEARCH(","&B$1&",",","&SUBSTITUTE(Transactions!$B7,", ",",")&",")) -> 0 | C7: =--ISNUMBER(SEARCH(","&C$1&",",","&SUBSTITUTE(Transactions!$B7,", ",",")&",")) -> 0 | D7: =--ISNUMBER(SEARCH(","&D$1&",",","&SUBSTITUTE(Transactions!$B7,", ",",")&",")) -> 0 | E7: =--ISNUMBER(SEARCH(","&E$1&",",","&SUBSTITUTE(Transactions!$B7,", ",",")&",")) -> 1 | F7: =--ISNUMBER(SEARCH(","&F$1&",",","&SUBSTITUTE(Transactions!$B7,", ",",")&",")) -> 1 | G7: =--ISNUMBER(SEARCH(","&G$1&",",","&SUBSTITUTE(Transactions!$B7,", ",",")&",")) -> 0
A8: T007 | B8: =--ISNUMBER(SEARCH(","&B$1&",",","&SUBSTITUTE(Transactions!$B8,", ",",")&",")) -> 1 | C8: =--ISNUMBER(SEARCH(","&C$1&",",","&SUBSTITUTE(Transactions!$B8,", ",",")&",")) -> 1 | D8: =--ISNUMBER(SEARCH(","&D$1&",",","&SUBSTITUTE(Transactions!$B8,", ",",")&",")) -> 1 | E8: =--ISNUMBER(SEARCH(","&E$1&",",","&SUBSTITUTE(Transactions!$B8,", ",",")&",")) -> 1 | F8: =--ISNUMBER(SEARCH(","&F$1&",",","&SUBSTITUTE(Transactions!$B8,", ",",")&",")) -> 0 | G8: =--ISNUMBER(SEARCH(","&G$1&",",","&SUBSTITUTE(Transactions!$B8,", ",",")&",")) -> 0
A9: T008 | B9: =--ISNUMBER(SEARCH(","&B$1&",",","&SUBSTITUTE(Transactions!$B9,", ",",")&",")) -> 0 | C9: =--ISNUMBER(SEARCH(","&C$1&",",","&SUBSTITUTE(Transactions!$B9,", ",",")&",")) -> 0 | D9: =--ISNUMBER(SEARCH(","&D$1&",",","&SUBSTITUTE(Transactions!$B9,", ",",")&",")) -> 0 | E9: =--ISNUMBER(SEARCH(","&E$1&",",","&SUBSTITUTE(Transactions!$B9,", ",",")&",")) -> 0 | F9: =--ISNUMBER(SEARCH(","&F$1&",",","&SUBSTITUTE(Transactions!$B9,", ",",")&",")) -> 1 | G9: =--ISNUMBER(SEARCH(","&G$1&",",","&SUBSTITUTE(Transactions!$B9,", ",",")&",")) -> 1
A10: T009 | B10: =--ISNUMBER(SEARCH(","&B$1&",",","&SUBSTITUTE(Transactions!$B10,", ",",")&",")) -> 1 | C10: =--ISNUMBER(SEARCH(","&C$1&",",","&SUBSTITUTE(Transactions!$B10,", ",",")&",")) -> 0 | D10: =--ISNUMBER(SEARCH(","&D$1&",",","&SUBSTITUTE(Transactions!$B10,", ",",")&",")) -> 0 | E10: =--ISNUMBER(SEARCH(","&E$1&",",","&SUBSTITUTE(Transactions!$B10,", ",",")&",")) -> 0 | F10: =--ISNUMBER(SEARCH(","&F$1&",",","&SUBSTITUTE(Transactions!$B10,", ",",")&",")) -> 1 | G10: =--ISNUMBER(SEARCH(","&G$1&",",","&SUBSTITUTE(Transactions!$B10,", ",",")&",")) -> 0
A11: T010 | B11: =--ISNUMBER(SEARCH(","&B$1&",",","&SUBSTITUTE(Transactions!$B11,", ",",")&",")) -> 0 | C11: =--ISNUMBER(SEARCH(","&C$1&",",","&SUBSTITUTE(Transactions!$B11,", ",",")&",")) -> 1 | D11: =--ISNUMBER(SEARCH(","&D$1&",",","&SUBSTITUTE(Transactions!$B11,", ",",")&",")) -> 0 | E11: =--ISNUMBER(SEARCH(","&E$1&",",","&SUBSTITUTE(Transactions!$B11,", ",",")&",")) -> 1 | F11: =--ISNUMBER(SEARCH(","&F$1&",",","&SUBSTITUTE(Transactions!$B11,", ",",")&",")) -> 0 | G11: =--ISNUMBER(SEARCH(","&G$1&",",","&SUBSTITUTE(Transactions!$B11,", ",",")&",")) -> 0
A12: T011 | B12: =--ISNUMBER(SEARCH(","&B$1&",",","&SUBSTITUTE(Transactions!$B12,", ",",")&",")) -> 1 | C12: =--ISNUMBER(SEARCH(","&C$1&",",","&SUBSTITUTE(Transactions!$B12,", ",",")&",")) -> 0 | D12: =--ISNUMBER(SEARCH(","&D$1&",",","&SUBSTITUTE(Transactions!$B12,", ",",")&",")) -> 0 | E12: =--ISNUMBER(SEARCH(","&E$1&",",","&SUBSTITUTE(Transactions!$B12,", ",",")&",")) -> 0 | F12: =--ISNUMBER(SEARCH(","&F$1&",",","&SUBSTITUTE(Transactions!$B12,", ",",")&",")) -> 0 | G12: =--ISNUMBER(SEARCH(","&G$1&",",","&SUBSTITUTE(Transactions!$B12,", ",",")&",")) -> 1
A13: T012 | B13: =--ISNUMBER(SEARCH(","&B$1&",",","&SUBSTITUTE(Transactions!$B13,", ",",")&",")) -> 0 | C13: =--ISNUMBER(SEARCH(","&C$1&",",","&SUBSTITUTE(Transactions!$B13,", ",",")&",")) -> 0 | D13: =--ISNUMBER(SEARCH(","&D$1&",",","&SUBSTITUTE(Transactions!$B13,", ",",")&",")) -> 1 | E13: =--ISNUMBER(SEARCH(","&E$1&",",","&SUBSTITUTE(Transactions!$B13,", ",",")&",")) -> 1 | F13: =--ISNUMBER(SEARCH(","&F$1&",",","&SUBSTITUTE(Transactions!$B13,", ",",")&",")) -> 0 | G13: =--ISNUMBER(SEARCH(","&G$1&",",","&SUBSTITUTE(Transactions!$B13,", ",",")&",")) -> 0
... A16: T015 | B16: =--ISNUMBER(SEARCH(","&B$1&",",","&SUBSTITUTE(Transactions!$B16,", ",",")&",")) -> 1 | C16: =--ISNUMBER(SEARCH(","&C$1&",",","&SUBSTITUTE(Transactions!$B16,", ",",")&",")) -> 0 | D16: =--ISNUMBER(SEARCH(","&D$1&",",","&SUBSTITUTE(Transactions!$B16,", ",",")&",")) -> 1 | E16: =--ISNUMBER(SEARCH(","&E$1&",",","&SUBSTITUTE(Transactions!$B16,", ",",")&",")) -> 1 | F16: =--ISNUMBER(SEARCH(","&F$1&",",","&SUBSTITUTE(Transactions!$B16,", ",",")&",")) -> 0 | G16: =--ISNUMBER(SEARCH(","&G$1&",",","&SUBSTITUTE(Transactions!$B16,", ",",")&",")) -> 0
A18: item_support | B18: =SUM(B2:B16) -> 9 | C18: =SUM(C2:C16) -> 6 | D18: =SUM(D2:D16) -> 6 | E18: =SUM(E2:E16) -> 7 | F18: =SUM(F2:F16) -> 5 | G18: =SUM(G2:G16) -> 3

Sheet items
A1: Item Master List
A3: Item | B3: Use in Model
A4: rice | B4: yes
A5: dal | B5: yes
A6: oil | B6: yes
A7: salt | B7: yes
A8: shampoo | B8: yes
A9: soap | B9: yes

Sheet Solver_model
A2: Item Master List | G2: Solver setup
D3: Model controls and outputs | G3: Objective cell | H3: $E$8 (Max)
A4: Item | B4: select(0/1) | G4: Changing cells | H4: $B$5:$B$11
A5: rice | B5: 0 | D5: Selected Items Count | E5: =SUM(B5:B10) -> 0 | G5: Constraint 1 | H5: $B$5:$B$11 = binary
A6: dal | B6: 0 | D6: Min Items | E6: 2 | G6: Constraint 2 | H6: $E$5 >= $E$6
A7: oil | B7: 0 | D7: Max Items | E7: 3 | G7: Constraint 3 | H7: $E$5 <= $E$7
A8: salt | B8: 0 | D8: Support Count (Objective) | E8: =SUM(K18:K32) -> 0 | G8: Method | H8: Evolutionary
A9: shampoo | B9: 0 | D9: Support % | E9: =IF(COUNTA(A18:A32)=0,0,E8/COUNTA(A18:A32)) -> 0
A10: soap | B10: 0
A15: Transaction-level match logic
A16: T_ID | B16: rice | C16: dal | D16: oil | E16: salt | F16: shampoo | G16: soap | I16: Row Dot Product | J16: Selected Count | K16: Match?
A18: =[1]BinaryMatrix!A4 -> T001 | B18: =[2]Binary_Matrix!B2 -> 1 | C18: =[2]Binary_Matrix!C2 -> 1 | D18: =[2]Binary_Matrix!D2 -> 1 | E18: =[2]Binary_Matrix!E2 -> 0 | F18: =[2]Binary_Matrix!F2 -> 0 | G18: =[2]Binary_Matrix!G2 -> 0 | I18: =B18*$B$5+C18*$B$6+D18*$B$7+E18*$B$8+F18*$B$9+G18*$B$10 -> 0 | J18: =$E$5 -> 0 | K18: =IF($E$5=0,0,IF(I18=J18,1,0)) -> 0
A19: =[1]BinaryMatrix!A5 -> T002 | B19: =[2]Binary_Matrix!B3 -> 1 | C19: =[2]Binary_Matrix!C3 -> 0 | D19: =[2]Binary_Matrix!D3 -> 0 | E19: =[2]Binary_Matrix!E3 -> 1 | F19: =[2]Binary_Matrix!F3 -> 0 | G19: =[2]Binary_Matrix!G3 -> 0 | I19: =B19*$B$5+C19*$B$6+D19*$B$7+E19*$B$8+F19*$B$9+G19*$B$10+H19*$B$11 -> 0 | J19: =$E$5 -> 0 | K19: =IF($E$5=0,0,IF(I19=J19,1,0)) -> 0
A20: =[1]BinaryMatrix!A6 -> T003 | B20: =[2]Binary_Matrix!B4 -> 0 | C20: =[2]Binary_Matrix!C4 -> 1 | D20: =[2]Binary_Matrix!D4 -> 1 | E20: =[2]Binary_Matrix!E4 -> 1 | F20: =[2]Binary_Matrix!F4 -> 0 | G20: =[2]Binary_Matrix!G4 -> 0 | I20: =B20*$B$5+C20*$B$6+D20*$B$7+E20*$B$8+F20*$B$9+G20*$B$10+H20*$B$11 -> 0 | J20: =$E$5 -> 0 | K20: =IF($E$5=0,0,IF(I20=J20,1,0)) -> 0
A21: =[1]BinaryMatrix!A7 -> T004 | B21: =[2]Binary_Matrix!B5 -> 1 | C21: =[2]Binary_Matrix!C5 -> 1 | D21: =[2]Binary_Matrix!D5 -> 0 | E21: =[2]Binary_Matrix!E5 -> 0 | F21: =[2]Binary_Matrix!F5 -> 0 | G21: =[2]Binary_Matrix!G5 -> 0 | I21: =B21*$B$5+C21*$B$6+D21*$B$7+E21*$B$8+F21*$B$9+G21*$B$10+H21*$B$11 -> 0 | J21: =$E$5 -> 0 | K21: =IF($E$5=0,0,IF(I21=J21,1,0)) -> 0
A22: =[1]BinaryMatrix!A8 -> T005 | B22: =[2]Binary_Matrix!B6 -> 1 | C22: =[2]Binary_Matrix!C6 -> 0 | D22: =[2]Binary_Matrix!D6 -> 1 | E22: =[2]Binary_Matrix!E6 -> 0 | F22: =[2]Binary_Matrix!F6 -> 0 | G22: =[2]Binary_Matrix!G6 -> 0 | I22: =B22*$B$5+C22*$B$6+D22*$B$7+E22*$B$8+F22*$B$9+G22*$B$10+H22*$B$11 -> 0 | J22: =$E$5 -> 0 | K22: =IF($E$5=0,0,IF(I22=J22,1,0)) -> 0
A23: =[1]BinaryMatrix!A9 -> T006 | B23: =[2]Binary_Matrix!B7 -> 0 | C23: =[2]Binary_Matrix!C7 -> 0 | D23: =[2]Binary_Matrix!D7 -> 0 | E23: =[2]Binary_Matrix!E7 -> 1 | F23: =[2]Binary_Matrix!F7 -> 1 | G23: =[2]Binary_Matrix!G7 -> 0 | I23: =B23*$B$5+C23*$B$6+D23*$B$7+E23*$B$8+F23*$B$9+G23*$B$10+H23*$B$11 -> 0 | J23: =$E$5 -> 0 | K23: =IF($E$5=0,0,IF(I23=J23,1,0)) -> 0
A24: =[1]BinaryMatrix!A10 -> T007 | B24: =[2]Binary_Matrix!B8 -> 1 | C24: =[2]Binary_Matrix!C8 -> 1 | D24: =[2]Binary_Matrix!D8 -> 1 | E24: =[2]Binary_Matrix!E8 -> 1 | F24: =[2]Binary_Matrix!F8 -> 0 | G24: =[2]Binary_Matrix!G8 -> 0 | I24: =B24*$B$5+C24*$B$6+D24*$B$7+E24*$B$8+F24*$B$9+G24*$B$10+H24*$B$11 -> 0 | J24: =$E$5 -> 0 | K24: =IF($E$5=0,0,IF(I24=J24,1,0)) -> 0
A25: =[1]BinaryMatrix!A11 -> T008 | B25: =[2]Binary_Matrix!B9 -> 0 | C25: =[2]Binary_Matrix!C9 -> 0 | D25: =[2]Binary_Matrix!D9 -> 0 | E25: =[2]Binary_Matrix!E9 -> 0 | F25: =[2]Binary_Matrix!F9 -> 1 | G25: =[2]Binary_Matrix!G9 -> 1 | I25: =B25*$B$5+C25*$B$6+D25*$B$7+E25*$B$8+F25*$B$9+G25*$B$10+H25*$B$11 -> 0 | J25: =$E$5 -> 0 | K25: =IF($E$5=0,0,IF(I25=J25,1,0)) -> 0
A26: =[1]BinaryMatrix!A12 -> T009 | B26: =[2]Binary_Matrix!B10 -> 1 | C26: =[2]Binary_Matrix!C10 -> 0 | D26: =[2]Binary_Matrix!D10 -> 0 | E26: =[2]Binary_Matrix!E10 -> 0 | F26: =[2]Binary_Matrix!F10 -> 1 | G26: =[2]Binary_Matrix!G10 -> 0 | I26: =B26*$B$5+C26*$B$6+D26*$B$7+E26*$B$8+F26*$B$9+G26*$B$10+H26*$B$11 -> 0 | J26: =$E$5 -> 0 | K26: =IF($E$5=0,0,IF(I26=J26,1,0)) -> 0
A27: =[1]BinaryMatrix!A13 -> T010 | B27: =[2]Binary_Matrix!B11 -> 0 | C27: =[2]Binary_Matrix!C11 -> 1 | D27: =[2]Binary_Matrix!D11 -> 0 | E27: =[2]Binary_Matrix!E11 -> 1 | F27: =[2]Binary_Matrix!F11 -> 0 | G27: =[2]Binary_Matrix!G11 -> 0 | I27: =B27*$B$5+C27*$B$6+D27*$B$7+E27*$B$8+F27*$B$9+G27*$B$10+H27*$B$11 -> 0 | J27: =$E$5 -> 0 | K27: =IF($E$5=0,0,IF(I27=J27,1,0)) -> 0
A28: =[1]BinaryMatrix!A14 -> T011 | B28: =[2]Binary_Matrix!B12 -> 1 | C28: =[2]Binary_Matrix!C12 -> 0 | D28: =[2]Binary_Matrix!D12 -> 0 | E28: =[2]Binary_Matrix!E12 -> 0 | F28: =[2]Binary_Matrix!F12 -> 0 | G28: =[2]Binary_Matrix!G12 -> 1 | I28: =B28*$B$5+C28*$B$6+D28*$B$7+E28*$B$8+F28*$B$9+G28*$B$10+H28*$B$11 -> 0 | J28: =$E$5 -> 0 | K28: =IF($E$5=0,0,IF(I28=J28,1,0)) -> 0
A29: =[1]BinaryMatrix!A15 -> T012 | B29: =[2]Binary_Matrix!B13 -> 0 | C29: =[2]Binary_Matrix!C13 -> 0 | D29: =[2]Binary_Matrix!D13 -> 1 | E29: =[2]Binary_Matrix!E13 -> 1 | F29: =[2]Binary_Matrix!F13 -> 0 | G29: =[2]Binary_Matrix!G13 -> 0 | I29: =B29*$B$5+C29*$B$6+D29*$B$7+E29*$B$8+F29*$B$9+G29*$B$10+H29*$B$11 -> 0 | J29: =$E$5 -> 0 | K29: =IF($E$5=0,0,IF(I29=J29,1,0)) -> 0
A30: =[1]BinaryMatrix!A16 -> T013 | B30: =[2]Binary_Matrix!B14 -> 1 | C30: =[2]Binary_Matrix!C14 -> 1 | D30: =[2]Binary_Matrix!D14 -> 0 | E30: =[2]Binary_Matrix!E14 -> 0 | F30: =[2]Binary_Matrix!F14 -> 1 | G30: =[2]Binary_Matrix!G14 -> 0 | I30: =B30*$B$5+C30*$B$6+D30*$B$7+E30*$B$8+F30*$B$9+G30*$B$10+H30*$B$11 -> 0 | J30: =$E$5 -> 0 | K30: =IF($E$5=0,0,IF(I30=J30,1,0)) -> 0
A31: =[1]BinaryMatrix!A17 -> T014 | B31: =[2]Binary_Matrix!B15 -> 0 | C31: =[2]Binary_Matrix!C15 -> 0 | D31: =[2]Binary_Matrix!D15 -> 0 | E31: =[2]Binary_Matrix!E15 -> 0 | F31: =[2]Binary_Matrix!F15 -> 1 | G31: =[2]Binary_Matrix!G15 -> 1 | I31: =B31*$B$5+C31*$B$6+D31*$B$7+E31*$B$8+F31*$B$9+G31*$B$10+H31*$B$11 -> 0 | J31: =$E$5 -> 0 | K31: =IF($E$5=0,0,IF(I31=J31,1,0)) -> 0
